<?xml version="1.0" encoding="UTF-8"?>
<beans xmlns:xsi="http://www.w3.org/2001/XMLSchema-instance"
	xmlns:context="http://www.springframework.org/schema/context"
	xmlns:mvc="http://www.springframework.org/schema/mvc"
	xmlns:tx="http://www.springframework.org/schema/tx"
	xmlns:beans="http://www.springframework.org/schema/beans"
	xsi:schemaLocation="http://www.springframework.org/schema/mvc http://www.springframework.org/schema/mvc/spring-mvc-4.3.xsd
		http://www.springframework.org/schema/context http://www.springframework.org/schema/context/spring-context-4.3.xsd
		http://www.springframework.org/schema/beans http://www.springframework.org/schema/beans/spring-beans.xsd
		http://www.springframework.org/schema/tx http://www.springframework.org/schema/tx/spring-tx-4.3.xsd">

	<context:component-scan base-package="com.cg" />
	<mvc:annotation-driven />
	<mvc:view-resolvers>
		<mvc:jsp suffix=".jsp" prefix="/WEB-INF/pages/" />
	</mvc:view-resolvers>
	<bean id="dataSource" class="org.springframework.jdbc.datasource.SimpleDriverDataSource">
	<property name="driverClass" value="oracle.jdbc.OracleDriver"></property>
	<property name="url" value="jdbc:oracle:thin:@localhost:1521.XE"></property>
	<property name="username" value="hr"></property>
	<property name="password" value="hr"></property>
	</bean>
	<bean id="entityManagerFactory" class="org.springframework.orm.jpa.LocalContainerEntityManagerFactoryBean">
	<property name="dataSource" ref="dataSource"></property>
	<property name="persistenceProviderClass" value="org.hibernate.jpa.HibernatePersistenceProvider"/>
	<property name="packagesToScan" value="com.cg.entities"></property>
	<property name="jpaPropertyMap">
	<map>
	<entry key="hibernate.dialect" value="org.hibernate.dialect.Oracle10gDialect"></entry>
	<entry key="hibernate.hbm2ddl.auto" value="update"></entry>
	</map>
	</property>	
	</bean>
	<bean id="tx" class="org.springframework.orm.jpa.JpaTransactionManager">
	<property name="entityManagerFactory" ref="entityManagerFactory"></property>
	</bean>
<tx:annotation-driven transaction-manager="tx"/>	

</beans>
